{
    "director_id": "d1b4d49d-da57-49c3-7e69-24f2672cdc73",
    "installation_id": "d6844ba2-15f7-4405-4446-c9f9157df64d",
    "current_vm_cid": "",
    "current_stemcell_id": "",
    "current_disk_id": "",
    "current_release_ids": [],
    "current_manifest_sha": "",
    "disks": null,
    "stemcells": [
        {
            "id": "d7278f87-42ce-4d8e-7b31-2a8df0e2c4a9",
            "name": "bosh-vsphere-esxi-ubuntu-jammy-go_agent",
            "version": "1.125",
            "api_version": 3,
            "cid": "sc-14c4812d-0586-4173-7dfc-4996c836d002"
        }
    ],
    "releases": []
}